,0
58,0.0010122955
9383,0.9953556
1829,0.0018615425
9718,0.9999522
5052,0.9999987
8093,0.99997187
6634,0.9998559
992,0.9999811
10285,0.99954736
3523,0.9999924
6969,0.9894104
2307,0.9998597
86,0.0005482435
6301,0.9999738
7417,0.99544436
8794,0.9991863
7838,0.9998023
9967,0.9994447
2178,0.00064221025
9255,0.98567194
1213,0.0003182888
3882,0.99600005
875,0.0050337017
8936,0.9996433
2802,0.08074868
4248,0.9999169
274,0.00057920814
2641,0.9898207
4254,0.990661
7513,0.9999924
9253,0.9990129
8318,0.99999774
2110,0.9999918
9635,0.9999596
8032,0.9855334
7491,0.999956
2482,0.99990314
3718,0.99878263
1756,0.079389185
5369,0.9143163
2918,0.93107104
2865,0.9993509
2668,0.0016219914
6981,0.9999579
6485,0.99997073
3965,3.0726194e-05
5792,0.9671949
1558,0.965234
1274,0.005731046
5679,0.99991155
5310,0.9996934
6086,0.9999088
1249,0.00023818016
1496,0.99997926
7846,0.99993145
513,0.005103767
9654,0.9999746
5508,0.99997485
856,0.00043469667
4623,0.99993956
1353,2.092123e-05
7429,0.9999032
625,0.9968909
3375,0.00023600459
3744,0.9988068
1146,0.0055549145
3891,0.99995214
1751,0.0018678308
1654,0.0014822483
2895,0.9934548
2071,0.0011719465
775,1.2785196e-05
10239,0.9869653
3920,0.99998724
2689,0.9999926
4773,0.99975157
2629,0.999996
8778,0.9890288
3818,0.21031627
2534,0.9795953
9603,0.99983454
2552,0.00018745661
2499,0.9996747
255,0.0033135712
824,0.99975204
7150,0.99996775
1135,0.99937993
361,0.0011423826
6760,0.9971189
4006,0.9999994
499,0.9999998
5560,0.9999281
1304,0.0013953745
10350,0.999465
3643,0.00013792515
8422,0.9997032
2874,0.0030131638
8033,0.9996084
7200,0.99997485
2130,0.9999856
9404,0.99997264
8747,0.9979123
4962,0.999994
9048,0.99887747
2589,0.99984515
3830,0.009458363
3565,0.12443608
7938,0.99999785
1408,0.9999993
1980,0.997638
3494,0.9997804
4052,0.99989563
2013,0.99675876
8905,0.9995076
10269,0.9998547
10036,0.9921169
916,0.99999297
8445,0.99966896
3688,0.00074884295
7754,0.9999865
10134,0.9999802
6891,0.99940664
10419,0.99996334
3659,0.0002721846
673,0.030866891
1815,0.9936631
435,0.005799502
9691,0.9979178
2802,0.96272624
7981,0.9828656
921,0.9999918
8162,0.99949276
3319,0.00023853779
8282,0.99998796
1212,0.985906
7045,0.99995875
672,5.4061413e-05
1470,0.0029999018
1963,0.9999721
1204,0.9993537
4072,0.9999944
6215,0.9999964
3578,0.9963722
3989,0.8296766
4090,0.99994814
2775,0.00026512146
1950,0.9998966
8760,0.8992739
9918,0.99997306
1721,0.9999621
1733,0.9989859
1905,0.9980917
2270,0.99978864
7041,0.9998517
5717,0.9725363
5537,0.99978936
1032,0.0013631284
3129,0.9999903
7534,0.99850345
360,0.9968627
511,0.00070270896
2146,0.99770653
5159,0.99174786
8313,0.9341073
10044,0.999941
3992,5.8710575e-05
6594,0.9497131
2145,8.08239e-05
3324,0.028269589
2336,0.99999774
8818,0.9977418
4171,0.959375
1858,0.99119717
6894,0.99997514
7878,0.998869
2567,0.99950945
259,0.99999976
9162,0.9989151
1047,0.00026664138
3163,0.0015737414
3349,0.9999957
1173,0.47444913
223,0.9981264
873,0.999056
1699,0.9999188
9819,0.99970907
3947,0.00082170963
10247,0.99946815
1286,0.8689871
4079,0.9855703
5024,0.99940515
6314,0.9998095
83,0.9999918
2023,0.9988661
3733,0.077738136
5998,0.999751
1601,0.9999064
3649,0.014175445
2842,0.00031024218
6759,0.9998536
2276,0.0006361604
3224,0.999995
3108,0.9999948
2737,0.0026551783
3913,0.5541382
1219,0.999903
590,0.003177464
6041,0.994066
2451,0.9973725
4826,0.9999654
8281,0.9993583
1653,0.0025044978
7649,0.9988437
8078,0.99999297
821,6.9737434e-05
8204,0.98893446
1849,0.9999981
1096,0.99987304
6346,0.9992572
3736,0.0019958615
3919,0.9984962
2599,0.0014309287
375,0.9971781
1298,0.9995644
816,0.9653834
1630,0.0007225871
9682,0.9999052
3224,0.0006855428
7475,0.999545
9251,0.9871242
3099,0.0151245
4018,8.890033e-05
795,0.99580604
445,0.0058223605
480,0.000118881464
2208,0.99999106
1553,0.0031055808
492,0.0014889836
2862,0.9999048
269,0.009026319
3936,2.1070242e-05
7683,0.99993354
8498,0.999451
8906,0.9997555
4426,0.9999244
2796,0.0005840063
4835,0.9999659
2707,0.96727383
5093,0.9998413
8631,0.9561466
767,0.99999744
4112,0.9998692
4420,0.99839354
2335,0.0018642843
6419,0.9999728
6200,0.99999917
6185,0.997499
4131,0.9998952
2908,0.0031514466
3906,0.008795202
5198,0.96761537
343,0.9184166
8523,0.99792016
6938,0.9999137
9203,0.9917765
8051,0.99999845
3404,0.0028235912
5066,0.99994326
3099,0.9999222
935,4.7028065e-05
3024,0.954177
2112,0.99996597
9514,0.99909437
9667,0.9999964
1030,0.07457137
5221,0.9743706
6218,0.99956876
968,0.9633505
5752,0.9186589
7309,0.98365116
3867,0.00015357137
3015,0.9998839
7289,0.99990404
3299,0.9998932
9137,0.99996173
3794,0.9998863
121,0.9903531
6829,0.99823385
6044,0.9999981
5539,0.999064
7651,0.9999845
1163,0.9999917
1593,0.97549546
461,0.031733245
626,0.22763965
3560,0.9999471
2272,0.009875834
5339,0.99998164
2485,0.0011057854
8383,0.9993203
3501,0.99949944
6070,0.99999356
2557,0.005778253
9373,0.999695
1160,0.9999145
10053,0.9999021
189,0.99986416
2983,0.9999285
4572,0.9996766
7120,0.99958694
872,0.99648774
9463,0.9999969
10311,0.9999962
3273,0.38745055
9107,0.9669792
8708,0.99961936
7920,0.9999997
7504,0.98907477
1201,4.094839e-05
296,0.0034522116
1624,0.0017353594
9124,0.99557626
2366,0.0011460185
2640,0.9997083
1797,0.012720764
1985,0.9999827
10101,0.28820997
9033,0.9995482
1352,0.0019620657
3594,9.971857e-05
1528,0.0038632154
3916,0.00019723177
6932,0.9999869
8210,0.9990406
6051,0.999058
3862,0.0009844005
687,0.9963943
548,0.9994814
10106,0.9999762
7588,0.9999263
2552,0.9999763
7928,0.6851028
2038,0.015388221
3919,0.00014641881
1017,0.017564654
6702,0.9829051
9598,0.9999777
4197,0.9986151
1609,0.0012976825
7356,0.9999559
1979,0.0030342638
5787,0.9999769
8879,0.999984
8997,0.9999224
3054,0.045503855
5696,0.9999934
6919,0.9992813
1137,0.006212443
1425,0.999992
7461,0.998142
7576,0.99437654
8361,0.9999873
10444,0.9995833
1227,0.0014159381
7082,0.95666087
9196,0.9998908
5267,0.9999937
2983,0.04832092
10423,0.9999702
9854,0.99686074
2316,0.01911667
2791,0.0095431805
3345,0.9991219
1941,0.9997964
4495,0.999932
5889,0.9999834
709,0.99998426
7923,0.9999997
4701,0.9974016
5427,0.9984437
1631,0.00027438998
7102,0.9995038
1289,0.027739257
3454,0.00039190054
465,0.00043550134
4163,0.99997264
2234,0.000118523836
10076,0.99927676
7993,0.9999883
3766,1.0
7630,0.99997526
2019,0.014847368
7342,0.99893814
1201,0.99998724
983,0.0055061877
1329,0.99683726
8247,0.9899844
2236,1.5556812e-05
2284,0.0007477999
4226,0.9999523
2066,0.0014297664
390,0.014682889
5239,0.9971552
5172,0.9921607
1781,0.00071653724
4357,0.997767
7146,0.999999
3543,0.004699677
3694,0.9996085
1809,0.9999192
4080,0.97718024
3067,0.99998975
3065,0.999982
7687,0.98804665
108,0.9999603
4145,0.9998826
45,9.387732e-06
9438,0.99986887
3764,0.9974543
845,0.9999905
2999,0.99096704
1927,0.9896693
659,0.00059100986
8245,0.9980775
1666,0.002072543
343,0.9997597
5065,0.9999598
2258,0.9999504
10330,0.99774516
4274,0.99982023
3418,0.0012772083
5991,0.9985886
5436,0.99716
323,0.99986726
280,0.370815
3746,0.99999976
3811,0.99998736
10271,0.9951376
2980,0.0005309582
642,0.9999964
3426,0.954502
147,0.9999978
1896,7.6919794e-05
17,0.99999285
5952,0.9568848
3286,0.00013688207
5356,0.9981819
2962,0.9907315
7844,0.99851125
1143,0.0022950768
918,0.9999751
2324,0.9999968
1256,0.0022687614
9495,0.99999523
10042,0.9679252
1208,0.006340891
2295,0.99919623
1981,0.99999624
8082,0.9999605
3697,0.99967885
4704,0.9638841
3931,0.9980992
2356,1.4871359e-05
3353,0.0024947226
2420,0.0008829534
1902,0.00054877996
954,0.99970055
703,0.9828778
2435,0.9997741
4778,0.9511046
1427,0.999985
3805,0.71405965
1285,0.9826318
2220,0.99998814
9128,0.9999361
3569,0.0029362142
882,0.0007008612
3933,0.90425897
5773,0.9990932
230,0.0029098094
2743,0.00046020746
3703,0.99564993
8068,0.9877275
5835,0.993297
4719,0.99581987
359,0.0037560165
4003,0.00028020144
1526,0.9918666
2344,0.00014179945
759,0.9999471
2889,0.89298713
3714,0.00028002262
7314,0.9982621
1725,0.00026589632
3403,0.9941158
3450,0.00047636032
1085,0.99977803
7821,0.9999765
934,0.99955666
1095,0.9999939
8360,0.99999523
3267,0.0002028048
2458,0.0015504956
7524,0.99575037
4915,0.99988866
3564,0.9999205
2713,0.9995653
3928,0.0019384325
2042,0.0017574131
8414,0.9985528
336,0.0007352829
1773,0.9968045
5028,0.9999903
7592,0.9999697
6736,0.9999821
4014,0.9912543
3862,0.99993676
7714,0.9887578
4698,0.9981494
6322,0.9912654
1777,3.8713217e-05
2438,0.008595318
1774,0.8581626
1132,2.7954578e-05
1238,0.32246265
3268,0.99990463
9252,0.994291
7768,0.9976654
753,0.9999877
4684,0.9999825
955,0.99918914
2545,5.841255e-06
253,0.9929677
396,0.9999621
301,0.8005126
7807,0.9999666
1747,0.00082975626
8663,0.9998164
4663,0.99975765
1465,0.008962542
5834,0.99997294
9957,0.999542
2547,8.72612e-05
4004,0.9985359
10218,0.9999949
3257,0.065047204
2542,0.10888383
3038,0.013333052
819,2.3037195e-05
9279,0.97295177
2250,0.95388055
2170,0.9995879
1883,0.90658444
3371,0.01717794
4977,0.9993514
82,0.00043702126
1029,0.0012676716
2194,0.0007314384
9698,0.9998071
4264,0.99964994
5133,0.99984
2430,0.93277717
9292,0.9999794
987,0.99998003
7808,0.999995
576,0.999923
4188,0.99991417
3463,0.00090792775
844,0.0011633039
3567,0.9999782
10080,0.99988985
6182,0.9999252
7998,0.999982
3145,0.0017939508
9666,0.99988604
6703,0.99999523
9054,0.999143
229,0.99455094
9120,0.9996393
5794,0.9998154
3223,0.007005006
1189,0.8060062
3931,0.03045845
2429,0.99995416
1082,0.00090673566
3583,0.00030717254
6920,0.9999988
476,0.9999504
794,0.9985105
79,3.1769276e-05
3769,0.99992955
500,0.99990875
2547,0.9999867
425,0.9973583
375,0.00032126904
9717,0.9999999
968,0.00055783987
5818,0.9572061
756,0.9356801
2053,0.9844974
6804,0.99999505
2902,0.0028117597
2137,0.9996201
3005,0.0015203059
5317,0.99828815
2914,0.0002452731
3123,0.013143301
964,0.9996226
339,0.9999744
3840,0.010405332
2545,0.9995451
5070,0.99063444
1554,0.0017365515
4118,0.9999877
1648,0.00012892485
3754,0.004946828
2756,0.9999521
10173,0.999218
7905,0.9995544
8706,0.99981475
1819,0.99214554
3984,0.00037300587
3695,0.98944646
3362,0.99984485
4196,0.9996047
1545,0.99985576
6001,0.9999622
9312,0.9997602
2532,0.9967755
9942,0.9999467
2036,0.0018883646
5568,0.96582985
9773,0.994297
2836,0.9913149
9266,0.9998187
7157,0.99979633
1636,0.9974278
1359,0.99770117
6539,0.99968547
4173,0.99995035
1767,0.9996346
63,0.9998624
5189,0.9999204
6545,0.9996533
6064,0.89239156
7166,0.9996027
7775,0.99721444
1106,6.1273575e-05
2986,0.00076827407
4263,0.9999162
4471,0.9997065
8727,0.9999382
8782,0.99987555
3786,0.9999945
3357,0.0026156604
1232,0.9999943
6446,0.9999422
9406,0.9999897
1525,0.00041118264
7074,0.99132776
5100,0.99944925
4106,0.99015486
1942,0.999842
7236,0.999637
2865,0.009453684
3424,0.0016494989
3513,0.9999752
8839,0.99924755
478,0.9999832
4424,0.9990016
8272,0.99997306
4864,0.99990016
7022,0.87734103
5431,0.9999156
8822,0.99915725
7791,0.9999474
7182,0.9997332
2467,1.9878149e-05
6266,0.97228456
5841,0.9999177
1783,0.0019001365
8487,0.99963045
417,0.9999851
8820,0.9997841
1530,0.03863883
7899,0.99994206
6959,0.9899531
542,0.9980779
7525,0.99999803
3671,0.0021577775
10210,0.97381973
5727,0.9974032
5146,0.99990773
6562,0.9496268
2488,0.0022997856
1142,0.9627417
8874,0.9911189
4944,0.9999988
5975,0.9999727
3303,0.9997304
3923,0.00080546737
2907,0.9883032
2756,0.00039458275
9053,0.99810576
24,0.999999
5439,0.9994987
3302,0.0025687814
656,0.9998561
1120,0.93491817
3216,0.97032547
7024,0.99999845
3201,0.029337496
10012,0.99742305
10021,0.9999876
1354,0.9945642
3896,0.99983716
2149,0.0006251335
2945,0.99998057
1926,0.99994665
5494,0.99988174
3996,0.99963176
3941,0.94700783
7206,0.9999604
1424,0.08081502
1045,0.0015392303
2460,0.988006
8717,0.9999949
1757,0.96658677
1502,0.0018342137
2124,0.99999416
2431,0.9999756
318,0.0023676157
3634,0.9999751
4333,0.9998622
2549,0.0014605522
10032,0.9999703
1388,0.0077073574
1050,0.003448844
3522,0.30953074
7280,0.9575723
10085,0.9997714
194,0.9993891
606,0.9985954
9567,0.9445431
4446,0.999478
5208,0.9939445
9130,0.9999448
10236,0.999997
1293,0.99987423
2298,0.8997004
7982,0.99999213
1514,0.054474294
949,0.9997232
1849,6.943941e-06
1167,0.99997556
6024,0.9999503
6404,0.9999747
8001,0.9999943
1641,0.00056654215
8345,0.99997514
8115,0.99986166
3905,0.0009968877
3012,0.99999976
5565,0.9998838
9905,0.99872506
4573,0.96847683
1864,0.021853
4829,0.99999726
1875,0.025891632
8425,0.9998542
141,0.999999
1915,0.99989057
4315,0.99977756
2954,0.9990491
6499,0.9999841
3158,0.0011458993
4200,0.9998533
10041,0.9993856
3896,2.130866e-05
3095,0.00078079104
3798,0.011079073
7405,0.9975574
10376,0.9981462
8862,0.99423134
2610,0.00091433525
6983,0.9998447
879,0.00020414591
1367,0.0031350553
551,0.9999788
2762,0.9999982
4909,0.9999999
8615,0.99997866
9739,0.9987794
9977,0.999995
1104,0.99993646
2739,0.0013374984
563,0.00019687414
8740,0.99996537
6062,0.9994222
3405,0.9968011
9949,0.999926
9016,0.999884
3663,0.059596866
1831,0.00040763617
3856,0.9999997
6148,0.9942758
9561,0.9999846
8089,0.9995835
1409,0.9998326
3602,0.9999859
197,0.00024399161
9240,0.9885185
3776,0.99938583
4657,0.9952343
439,0.024607122
9308,0.9999732
3738,0.12238881
3975,0.9998995
10393,0.99987483
2421,0.99932814
6018,0.9999845
6121,0.9973757
1272,0.9999653
6984,0.99957645
3962,2.8252602e-05
10151,0.017543554
768,0.9996611
657,6.648898e-05
6288,0.99965614
2322,5.0008297e-05
2721,0.0018745363
1841,0.0037334263
944,0.004545003
3442,0.9969044
2193,0.98890936
2217,0.0016795099
2810,0.00053843856
10182,0.9999914
2017,0.00039857626
6405,0.9913204
2465,0.9995328
2537,0.99989855
740,0.1158168
8476,0.9999918
594,0.9999832
2581,0.0014158785
823,0.9999883
2989,0.47667277
908,0.9938376
5855,0.9987831
4520,0.99956036
1739,0.99893737
160,0.96783113
162,0.16636279
9992,0.99941325
2699,0.9909595
5635,0.99999726
2140,0.9999169
4688,0.9987788
5492,0.9831238
2525,0.00041511655
2538,0.9999312
2575,0.9999876
6040,0.9999713
7324,0.99976104
7327,0.99999523
3419,0.006756425
8229,0.9846736
3040,0.0012746453
2394,0.017970353
10014,0.9968612
1605,0.9999356
10220,0.9999882
2423,9.9390745e-05
7467,0.99851966
1906,0.000834018
2370,0.99999964
1354,0.0007209778
2291,0.9998428
1953,0.9999344
3284,0.9998842
2750,0.9905238
8725,0.9998874
7748,0.9995399
49,0.9984309
7191,0.99880874
3047,0.12631893
8902,0.99969685
165,0.9995083
9262,0.99815893
801,0.0024819374
6203,0.9977858
2402,0.0029864013
1395,0.99993277
6335,0.98089623
10323,0.9999519
237,0.0014398694
9379,0.9999621
9060,0.999805
9068,0.9978348
5253,0.99999547
7083,0.9987856
4960,0.9993298
326,0.9999535
2859,0.0014175773
10366,0.99455297
623,9.313226e-05
2780,0.99997026
271,0.1071085
2900,0.9999792
256,0.9992618
6205,0.9997957
5181,0.99999654
2486,0.0025303364
2890,0.9999783
7058,0.9999639
3552,0.9937581
5643,0.9999168
3209,0.99997616
3358,0.00012272596
8434,0.9999391
2294,0.998114
6997,0.998935
6066,0.9907807
2991,0.9989243
5197,0.99677193
1108,0.020218432
2342,0.0011737645
8972,0.99992305
399,0.0012015104
7441,0.9999995
6591,0.9998422
508,1.1980534e-05
337,0.0027384758
1178,0.99999285
1299,0.9991898
9913,0.99995637
2088,0.99841565
2461,0.9999903
685,0.99709857
185,0.004972905
952,0.9999086
429,0.9467326
3603,0.0028721094
1007,0.99989104
9347,0.9998051
2680,0.0094715655
6339,0.99998474
1671,0.0007018149
667,0.9998288
4896,0.9993084
3064,0.020324975
570,0.06336546
2884,0.005010098
1903,4.4077635e-05
1441,0.009823352
3912,0.7683815
765,0.006491095
2847,0.9998961
9168,0.99997675
1315,8.100271e-05
676,0.006566018
665,0.999773
5032,0.99833864
7944,0.9989886
9305,0.72218037
2317,0.9284261
3470,0.9996947
190,0.001909256
7144,0.9998025
8901,0.9994775
10073,0.9986336
9794,0.97291493
1666,0.99253476
6560,0.994178
7609,0.9999976
4419,0.9988867
3343,0.9999832
8473,0.99996686
7136,0.9999713
3863,0.9998451
6724,0.99993944
6593,0.9909182
1872,0.026263982
422,0.00074896216
6452,0.99999595
6966,0.9999434
1696,0.0060375035
1883,0.04703626
7267,0.9993633
9990,0.99980915
5517,0.9974824
2897,0.9999714
5404,0.99997383
3263,0.9946724
4056,0.9999956
1062,0.9999869
8992,0.9921664
3077,0.00071421266
2803,7.727742e-05
5820,0.99989223
671,0.019159764
4628,0.99975467
2341,0.004031718
2097,0.99999255
2276,0.9995543
3629,0.99731636
4,5.4210424e-05
9450,0.99999946
1264,0.99997723
7858,0.9999685
9875,0.99999356
3538,0.0009965599
9081,0.99995786
3706,0.00010281801
9072,0.9979898
860,0.9999865
1655,0.98101676
8145,0.999929
3364,0.9999249
1090,0.99981904
620,0.08410761
3259,0.95646185
3198,0.9998595
3371,0.98864937
7061,0.99608904
8494,0.9999851
2097,0.008248508
2494,0.0013486147
3621,0.0060031116
9756,0.9999752
3595,0.00021594763
3182,0.99999535
1447,0.00011447072
519,0.98060834
3296,0.9999708
3802,0.99998397
994,0.99839455
4192,0.9999637
3119,0.99062324
6679,0.9672596
3590,0.00012096763
1800,0.0015381873
7712,0.99913335
4566,0.99999243
7514,0.9999975
9145,0.99970365
9307,0.99980664
9432,0.99998593
603,0.99652326
6641,0.99999595
7773,0.99632394
2517,0.003076762
2696,0.99984854
860,0.0014313459
1466,0.9999862
6620,0.9998951
14,0.9999318
9523,0.9984822
2712,0.002401054
3545,0.00281623
8838,0.9994378
1474,0.9995676
660,1.2695789e-05
8987,0.9999347
1910,0.9999944
2268,0.00089141726
10430,0.99223286
2624,0.9954247
3928,0.999992
3072,0.0036885738
2213,0.00037524104
3109,0.76971054
1752,0.0010453165
3058,0.9998592
305,0.9996042
6143,0.9993255
7235,0.99989885
2806,0.0008814335
155,0.999841
6867,0.99999547
1255,0.98766404
1532,0.0031830966
3010,0.00027161837
2077,0.99991524
8983,0.9999877
507,0.9960609
4523,0.9999628
4211,0.98336786
3389,0.9995191
1060,4.8846006e-05
2907,0.00030577183
2774,0.99970794
8021,0.9996568
2695,0.99918973
10282,0.99998
6157,0.99640393
9153,0.99937713
10235,0.99967635
7415,0.9997952
6838,0.99989164
6090,0.9968349
8600,0.99995506
1669,0.9994822
9885,0.9999927
344,0.9999893
3821,0.0033304095
41,0.0028784573
487,0.9999636
6554,0.9999068
745,0.0014748871
8119,0.9999821
2031,0.50219023
7817,0.99584365
7426,0.92436737
8418,0.9998977
2515,0.9999676
3961,0.00049200654
643,0.99889547
5645,0.9976001
2698,0.0063711405
4796,0.9999838
2870,0.9998632
5710,0.9647688
9475,0.99953604
3293,0.008234918
10340,0.99956644
10160,0.9998679
3,0.86231196
1714,0.95760655
9732,0.9999893
3037,0.0007505715
2091,0.0044190586
2948,0.998433
5447,0.99681175
1778,0.999998
7859,0.954105
5451,0.99999905
6506,0.95362127
7880,0.9988459
6785,0.9999386
4765,0.9998065
4379,0.99999607
8290,0.9999651
4356,0.99999833
10319,0.9994055
548,0.0024716854
3574,0.9999232
7502,0.9571537
2375,0.0015445352
311,6.5505505e-05
3185,0.9063418
9444,0.9999918
1390,0.999998
455,0.99709684
9497,0.99587214
26,0.9997666
1764,0.0024857223
9273,0.99854255
1803,0.9999089
1199,0.9999276
2839,1.9699335e-05
891,0.99943125
2716,0.9933989
7456,0.9999757
4387,0.99988055
8456,0.99906045
4237,0.9997771
3568,0.0068864524
1301,0.997602
8552,0.99960333
2179,0.00034174323
5514,0.9998805
2323,0.80556595
231,0.99979264
2265,0.99928224
4371,0.9953991
1930,0.9997246
3980,0.9991654
4970,0.99360514
10429,0.99614954
3596,0.004097879
1359,0.0009173453
5498,0.99985176
5371,0.999997
4991,0.99987954
1844,0.9998701
379,0.0009794831
8814,0.99989533
8472,0.9999982
1052,0.99997914
2614,0.0015405416
9597,0.99757326
6626,0.99710953
1491,0.00045350194
7358,0.99999523
2728,0.9927325
9126,0.99845636
6369,0.9999043
8737,0.99941957
1929,0.00029283762
4518,0.99993694
1516,0.9307874
1422,0.00010713935
3079,0.9994576
8919,0.999997
61,0.99911034
3743,0.0017890036
2253,0.009756178
1772,0.82323587
1303,0.00022292137
7457,0.9991822
8585,0.99968845
3465,0.00071409345
6601,0.99999475
715,0.9997028
123,0.9993975
5628,0.9495459
7,0.00019350648
8891,0.99989396
6328,0.9994581
124,0.9972864
2845,0.9831258
6576,0.99928755
6463,1.0
2914,0.9943217
7836,0.99998426
5510,0.99995315
1161,0.9999952
8956,0.999999
7975,0.9933012
1766,0.0001231134
5981,0.9993526
2670,0.99995065
8560,0.99180245
1414,0.0009653568
8677,0.9997035
7770,0.9996792
5175,0.9999958
10439,0.9973393
2966,0.0033668876
3777,0.0027508736
2424,0.9998895
1690,0.002881378
6244,0.9999995
4140,0.999815
3925,0.0004156232
2839,0.99997026
2892,0.9971665
2819,0.00015228987
5480,0.9997945
3865,0.99876934
5593,0.99999607
7224,0.9882598
7602,0.9994676
227,0.9992772
3860,0.031962574
5,0.003950447
3825,0.98063815
1284,0.0005081594
9827,0.82193327
771,0.9992651
599,0.9880671
4717,0.99997956
3350,0.002931565
2077,0.00012549758
2703,0.001922816
8283,0.9993108
4922,0.99999845
6414,0.99972177
2615,0.007816076
9534,0.9992772
3165,0.00011485815
3131,0.0010996163
2163,0.99999666
7315,0.9905046
9299,0.99942595
1130,0.99980295
10121,0.999694
5306,0.9955424
1196,0.99852645
8930,0.9999993
1116,0.004679173
2937,0.9983393
1969,0.9999274
933,0.99767613
7260,0.99990046
4033,0.99997354
3847,0.008362919
5477,0.99514747
1394,0.00040590763
3915,0.9989095
7391,0.9999696
9394,0.99490416
3516,8.6039305e-05
2382,0.0018461943
169,0.0023571253
2156,0.99999523
754,0.001620084
1440,0.0012200475
1166,0.99993217
3304,0.99857247
7626,0.99920094
1488,0.9999108
1759,0.0012009144
3504,0.0017980039
3770,0.009572685
8731,0.9997168
3436,4.0233135e-05
795,0.0135064125
7799,0.9999996
1495,0.99989593
5111,0.99997884
2867,0.9999804
6632,0.98278177
1165,0.0055120885
4246,0.9999688
9643,0.9904041
1202,0.9813972
1756,0.9980147
2108,0.00025206804
9701,0.99988174
1795,2.989173e-05
769,5.635619e-05
10392,0.9960464
8988,0.9969119
3332,0.99980223
3152,0.00026521087
6454,0.99982274
9590,0.9998536
3445,0.006588012
1174,0.016497314
5217,0.99999344
4150,0.9997976
424,0.9953867
1122,0.0029779673
1478,0.99999964
196,0.9996751
333,0.00013568997
3895,0.8974504
2933,0.407881
6902,0.99894404
3579,0.9997457
3622,0.9999958
2635,0.9999208
117,0.0022978485
9531,0.9998722
1138,0.99990624
1112,0.28736657
2806,0.98850334
8302,0.99869835
1898,2.682209e-06
1092,1.7404556e-05
5708,0.9999683
7468,0.9315591
9649,0.99395597
2621,0.99970114
1695,0.9999317
4187,0.99985933
5165,0.999907
7919,0.99856555
2919,0.9998323
2558,0.799428
5992,0.9542353
1887,0.00041157007
3859,0.9999957
6152,0.99974805
4787,0.9999999
3515,0.0010766685
10054,0.99609315
423,0.99990225
196,0.006285101
1563,0.99233246
9205,0.99981606
8538,0.9727634
10411,0.9917848
8894,0.999998
1762,0.0425646
4020,0.00018316507
1830,0.007147968
334,0.0037627518
3861,0.9998512
2441,0.038071483
1675,0.9997728
257,0.00031366944
6149,0.9999995
9375,0.999809
2497,0.0005260706
5644,0.9991565
5680,0.9898841
3451,0.006630361
8293,0.99579334
6817,0.99963176
6820,0.9999335
9553,0.9997472
422,0.9999908
5245,0.9999863
1054,0.9992279
4774,0.99997634
1077,0.00020313263
394,0.99984336
6238,0.9999049
493,0.91405874
4358,0.9825147
347,0.00021129847
8308,0.9985389
1455,0.9999692
2647,0.98932195
5465,0.99920154
6099,0.9999797
9344,0.9776696
7283,0.99999124
42,0.00017690659
7063,0.9996561
1038,0.029431164
5728,0.9998441
2358,0.9990777
7402,0.99952537
4938,0.99652225
6248,0.98766136
3001,0.9999857
2643,0.007667631
7654,0.9988623
5790,0.99576604
8347,0.9994972
7526,0.9981563
3427,0.078501195
6828,0.9999982
2038,0.9999125
7536,0.9826008
811,0.99932474
3756,0.99803483
4710,0.99999475
4775,0.9998171
177,0.99992454
838,0.00028192997
562,0.0007980764
150,0.00022685528
9985,0.99996704
3855,0.00056040287
1278,0.0008110404
3807,0.999936
339,0.0010874569
4715,0.9999778
6909,0.9999397
6204,0.98663557
7794,0.9999075
7855,0.99943674
5825,0.99946
6791,0.99976397
2725,0.99985015
3750,0.99877214
1043,0.006862581
10237,0.9999769
927,0.99986476
2209,0.31893206
521,0.0019372404
10052,0.99999166
8823,0.9900585
4742,0.99980664
705,0.00058338046
9,0.999763
5576,0.9999572
915,0.0024083853
1014,0.94910264
3541,0.99997187
6979,0.99981225
2300,0.07351169
519,0.024649024
7132,0.9848418
10295,0.9998728
742,0.99991417
1631,0.9957154
5300,0.9999996
7729,0.9995512
658,0.00010830164
6351,0.99992156
1731,0.00039470196
3301,0.99502635
1924,0.9996755
8122,0.9991623
1312,0.999961
3539,0.9467716
1493,0.00029689074
7359,0.99992216
281,0.9995942
10205,0.99986124
980,0.0036152005
956,0.0007958114
7594,0.9982393
10457,0.9998312
6540,0.99986684
9711,0.9967748
748,0.9999179
555,0.9856652
2478,0.9997386
2100,0.99998045
4275,0.99989575
4493,0.99999976
3570,0.99174076
1339,0.9999607
5438,0.9977391
7104,0.999947
3096,0.9920701
10338,0.9999701
1719,0.0007150769
1369,0.9999892
5693,0.9987323
2497,0.99990344
1235,0.9998239
9000,0.99999017
1005,0.0005643368
9328,0.9999509
10473,0.99651736
3670,0.9998534
7695,0.9543035
4947,0.99852085
1442,0.9999305
4538,0.99990934
3073,0.0016767681
2978,7.3581934e-05
460,0.24078351
8872,0.9999989
3377,0.054799676
2134,0.99794793
1552,0.0011969805
7521,0.99999523
2925,0.0376589
8624,0.9999902
8148,0.8627318
1426,0.0004746318
972,0.61696744
3689,0.00045844913
1894,0.003950149
8797,0.99826765
3922,0.999881
2699,0.00019291043
4429,0.9998959
1949,0.99947345
1478,0.06689593
3307,0.9996976
1533,0.00024658442
9105,0.9999723
1625,0.00023448467
8793,0.9999962
2072,0.99880964
9630,0.99759555
7887,0.9998947
9431,0.99996984
6359,0.8464656
503,0.99997735
4696,0.9911312
1378,0.992489
1658,0.00021079183
5668,0.9871976
355,0.0006465018
7379,0.9946828
9987,0.9999062
715,0.0862945
1587,0.9665024
3512,0.9978483
8561,0.9999904
3867,0.9993242
1067,0.0014143586
4018,0.9998859
435,0.999835
3265,0.9980812
1450,0.0034121275
2141,0.0004746318
3785,0.99995357
6391,0.9918744
6836,0.99999994
687,0.2777947
582,0.0018609762
3421,0.999847
5238,0.9999982
3425,0.00016114116
10223,0.9994397
9295,0.99215853
1960,0.0019892156
10172,0.9998974
9770,0.9995221
4635,0.9987732
2949,0.2710746
1614,9.536743e-06
1664,0.0151459575
861,0.9967514
3880,0.0004223287
848,0.99986285
3234,2.7507544e-05
2794,0.997429
875,0.9999523
9871,0.9993044
265,8.621812e-05
5094,0.9996608
2116,2.6375055e-05
4981,0.99005616
2604,0.00052812696
8294,0.9984814
368,2.2381544e-05
568,0.99881357
5321,0.99971366
4016,0.0001746118
8944,0.9995761
9202,0.9995369
6032,0.9998416
6561,0.9701688
2017,0.9994873
4683,0.9821987
372,0.0360893
3466,0.0050322413
966,0.99987423
2804,0.99998903
247,0.9999852
68,0.9998602
8261,0.9998847
6630,0.9921926
7628,0.9999522
1232,0.0005027652
2011,0.99995196
8311,0.999264
3854,0.99995923
6618,0.98242056
233,0.00025892258
9633,0.9941908
3388,0.99981827
1300,0.0051709116
2639,0.9955816
7121,0.9997932
2058,0.0008249879
6549,0.9945409
3882,0.030195147
2312,0.0025655925
1062,0.00080290437
2891,0.0004886389
5333,0.9999903
3162,0.9999058
1694,0.8642017
4303,0.99999774
9978,0.999995
3570,0.0028325915
2363,0.99888414
2605,0.9997994
1980,0.003994137
199,0.9999808
2665,0.00010380149
6172,0.9999857
6150,0.9993464
10103,0.791561
9574,0.99940413
2256,0.0107283
4827,0.99997157
2539,0.00054991245
3773,0.99999976
1985,0.00022900105
9181,0.99962664
1355,0.0012049079
1073,0.99900544
3109,0.7310279
5211,0.99982274
3316,0.9973336
6872,0.43678594
1836,0.000116974115
5699,0.99977565
7100,0.9981229
3184,0.0018015802
1360,0.9991808
2644,0.94220746
10388,0.86104786
6456,0.9987923
1245,0.9981873
6622,0.9998775
791,0.99750084
3713,0.00012481213
3625,1.6182661e-05
3433,7.352233e-05
8807,0.93787766
1993,4.3988228e-05
270,0.0007259846
3702,0.9993935
4553,0.9945864
3370,0.00032427907
9257,0.9235549
3933,0.99998534
2242,6.979704e-05
872,0.01150167
4606,0.9999583
1304,0.9943036
7297,0.9997258
1914,0.9999973
7659,0.9947244
8080,0.99961126
3957,0.9999934
5116,0.9999968
5913,0.9999281
6763,0.99994767
8390,0.99999654
9091,0.965207
8999,0.99925435
7397,0.999992
6504,0.861511
9706,0.99974966
10391,0.99472994
1588,0.9995129
9672,0.99996865
3030,0.0011385381
533,0.9665909
5641,0.9897247
4220,0.9999478
6880,0.99589914
3845,0.99996287
2819,0.9998487
7038,0.99993646
8152,0.9995862
4925,0.99982214
7666,0.99998754
9122,0.9980167
9876,0.99999344
982,0.9990213
8833,0.99965924
598,0.7971796
5742,0.99921834
9469,0.9895934
2259,0.9999931
2109,0.99998164
3720,0.9926451
1489,0.9993636
2345,0.002254665
5177,0.9999889
10207,0.9999317
10352,0.9999912
2763,0.9983512
9419,0.9997928
301,0.9698893
5486,0.99977493
1181,0.00058186054
2094,0.9999646
1211,0.736282
3035,6.386638e-05
3774,3.376603e-05
6486,0.9993755
6879,0.9999961
2121,0.9872557
1122,0.9997291
5815,0.9998643
3114,0.9999955
2753,0.00026077032
2270,0.000498116
428,0.0056342185
130,0.9999953
7528,0.99143904
4534,0.99985373
9021,0.9998195
1802,0.99999714
4998,0.99956846
1535,0.0037423968
6160,0.99030745
937,0.9999374
7418,0.9996259
4256,0.99999964
4727,0.9996088
1901,0.012548447
1592,0.9997779
10491,0.99993956
8480,0.9980492
5149,0.8882657
1798,0.0015144646
1182,0.0019516647
7743,0.99997747
2190,0.0018977225
7835,0.9999957
2109,0.0046418905
7885,0.9985338
1026,0.9987844
7948,0.9998845
2911,0.004487306
2560,0.23131731
3526,0.9986547
1410,0.9996449
6977,0.9890908
3592,1.2785196e-05
3369,0.999991
2543,0.0062582493
8274,0.9996113
3764,0.0002657175
1673,0.9957819
1821,0.0003901422
7636,0.9996712
877,0.9981135
9133,0.8145591
859,0.9975573
1887,0.9998547
3553,0.99991906
9813,0.99990004
10445,0.95540494
168,0.00042364
6033,0.9976188
8963,0.999991
4341,0.9999876
7523,0.9999107
7377,0.99412394
10257,0.9989009
6290,0.9999958
1448,0.0002233386
630,0.9998889
3323,0.00023186207
6696,0.99998236
1507,0.052789837
5883,0.99999225
2399,0.9999325
9008,0.99998146
6188,0.9885797
1601,0.0007458031
2694,0.00011309981
6069,0.99844694
6729,0.6446767
5033,0.9984647
7959,0.9999918
6484,0.999755
2066,0.9995148
2992,0.00043478608
4427,0.99876857
4910,0.9997164
2616,0.99996305
2811,0.999909
415,0.996211
7622,0.99978906
3740,0.91734886
8316,0.9999623
3649,0.9991931
3679,7.3611736e-06
3237,0.5613937
1009,0.0005337596
9339,0.98970354
9246,0.99895287
2264,0.43685722
3799,0.005613148
3661,0.08665836
6029,0.82456243
7533,0.9998078
2782,0.8984084
1855,0.0015822947
9496,0.99511164
2608,0.017696321
5917,0.9998251
7365,0.99440336
2546,0.99881995
3299,6.264448e-05
416,0.010519147
288,0.99990857
9548,0.9999738
2872,0.02704671
6638,0.9970199
10146,0.91540504
3507,0.00010704994
1143,0.99818206
9233,0.9999994
5455,0.9998494
5378,0.9998938
380,0.99995166
5704,0.99995565
4985,0.9988307
1101,0.999961
7693,0.99974906
87,0.9341175
2982,0.99997973
1107,0.99996746
2484,2.2351742e-06
5407,0.9999559
2022,0.9999338
6347,0.9967228
6498,0.9966572
7373,0.9996669
2727,0.0031959713
530,5.2571297e-05
3266,0.999993
6516,0.99977934
4833,0.9988581
1924,0.0010890961
9726,0.99967754
154,0.0011343956
8581,0.99994665
3410,0.0033058524
1628,0.9999727
3828,0.93493104
615,0.99995875
3160,0.99993646
5298,0.99991155
7138,0.99999666
5829,0.9998958
1786,0.99999416
4707,0.9969928
2324,0.0007237494
423,0.00026750565
5288,0.99364805
708,0.00036504865
8151,0.9946979
2713,0.0026900172
1645,0.0036869645
5561,0.994568
4143,0.9999315
9420,0.19945148
3902,0.0001167655
2021,0.91106915
8750,0.98895377
7410,0.9657119
871,0.0003348291
3282,0.00017002225
7435,0.9998059
402,0.0008240044
9555,0.99994004
8783,0.9997463
9425,0.9989177
165,0.00043818355
3199,0.99971974
2682,0.013060063
3751,0.0050392747
1974,0.21828651
5235,0.9999697
1399,0.00118047
243,0.0008072257
10262,0.98197585
3891,0.0002786219
7357,0.9999161
1597,0.00025972724
10402,0.9999465
7303,0.99695086
16,0.0012432039
2120,0.0011116862
6353,0.98518604
472,0.6336671
3480,0.001157254
350,0.9798475
645,0.00042507052
2881,0.9981897
7691,0.99999857
10485,0.99999964
2653,0.00048705935
550,0.0015133917
1722,0.99977404
3197,0.0028544366
1513,0.99982274
3073,0.99987936
512,0.9993732
2798,0.0005804002
3304,9.328127e-06
3767,0.0002721548
6287,0.9990722
8372,0.9999926
3877,0.99938774
5601,0.99983037
1270,0.992993
84,0.025982529
7606,0.9990816
3721,0.99705124
2969,0.99996316
9102,0.99999833
951,0.0005209148
988,0.002241224
5329,0.99931514
9001,0.99991655
1472,0.0005399287
772,0.0007274747
3052,0.99966216
1016,0.9999643
1861,0.09300411
10374,0.98873067
2280,0.9992999
7455,0.999039
10005,0.99996567
2474,0.9993993
8732,0.9999893
4577,0.999964
3540,0.9936173
7065,0.31479564
3704,0.9920481
621,0.0027540922
601,0.99998236
9490,0.9960815
8908,0.80773675
2633,0.9575241
5642,0.9996557
3271,0.99999523
2541,0.9999994
8985,0.9945779
3993,0.0020269454
3727,0.0063275695
421,0.9936099
9851,0.9998816
1680,0.9996209
1305,0.9317801
7143,0.83795273
668,7.6293945e-06
2895,0.0042720735
3250,0.9999312
3457,0.9170781
5665,0.998833
7037,0.98227775
6166,0.9997843
31,0.00035214424
2451,0.015566379
9573,0.99123275
8003,0.99996996
9889,0.999123
3548,0.99790454
2917,0.9999777
8193,0.9995403
2548,0.00030696392
4723,0.9874928
135,0.99943984
6962,0.9999839
10105,0.9997469
713,0.0026902258
7451,0.9966347
4157,0.9999983
2720,0.9998267
5878,0.9999212
297,0.9700415
3329,0.0037773252
4216,0.9999988
1402,0.99985576
10133,0.9987246
1155,0.000109523535
10206,0.86653566
3687,0.9999944
3937,1.1622906e-05
8911,0.98434603
4287,0.9998592
9184,0.999991
5979,0.99472684
2406,0.0077925026
9513,0.99999875
1412,0.0010747313
1572,0.59434247
7730,0.99999946
4842,0.9998809
2668,0.99999505
5297,0.9999944
3737,0.99999
4461,0.9999181
2498,0.9999916
1230,0.014342576
729,0.99996376
4011,0.0020923018
2288,0.0037512183
7247,0.9996658
591,2.5331974e-06
5422,0.99987364
10318,0.9985882
2237,0.001383543
9675,0.99897563
8857,0.9999478
8016,0.9999931
4894,0.9999926
9286,0.99971986
399,0.99997514
2027,0.99986285
9997,0.9233401
370,3.3974648e-06
2357,2.56598e-05
2332,0.9998399
3818,0.6026528
6399,0.99991465
616,0.99934804
5997,0.9983578
3314,0.018894166
770,6.312132e-05
7195,0.99875295
983,0.99976027
2766,0.9971768
884,0.99999416
768,0.5350244
7077,0.99994016
8931,0.9999924
4983,0.9995169
4009,0.99851966
1951,0.9999949
10125,0.99940956
1191,0.003849566
2297,0.0014030635
8633,0.9994581
865,0.9999002
3893,0.99868643
2369,0.0019392073
2102,0.0018772185
10454,0.99997866
6304,0.9894198
7657,0.99999774
2834,0.99719
2232,0.9977746
2085,0.99971235
8521,0.9803516
1048,0.998594
3948,0.99977624
4479,0.9977609
7209,0.9848945
8045,0.99993813
6078,0.98570466
3287,0.9999992
5880,0.9999222
5549,0.9947337
2726,0.99999845
3361,0.00064477324
2515,7.4476004e-05
4932,0.9457724
3915,0.0013121068
978,0.0002552867
7801,0.9996437
2998,0.99461806
667,0.017366141
60,0.00076410174
4886,0.99947214
7917,0.9999887
6395,0.9968606
2360,0.9956373
1277,0.0008045733
3402,0.99993473
2489,0.99798703
7364,0.9548283
9626,0.99452436
2269,0.99955106
8219,0.99996996
9644,0.9941166
6385,0.9999171
10009,0.99982715
8320,0.9999541
7586,0.999892
10438,0.99984753
6934,0.9998579
4589,0.9999961
1090,0.14280555
7939,0.9537082
10231,0.99999464
7723,0.9982102
1087,0.001532346
2812,0.00047540665
1330,0.99999857
7551,0.9998658
800,0.0068023205
1103,0.9999784
6808,0.9999863
1747,0.9997568
7091,0.999794
2527,0.99999905
2991,0.0020746589
1828,0.99996
1046,0.00025716424
411,0.0018729568
6034,0.9998491
923,0.0031910539
7414,0.99997526
1072,0.0064044893
3467,0.9995525
10030,0.99773383
1835,0.0027335286
7725,0.9999752
5636,0.99979746
3438,0.9992909
9736,0.9719714
9930,0.9992751
6280,0.99431825
3885,0.99994254
839,0.0025857687
3447,0.00073421
443,0.0030878782
5535,0.99985147
4031,0.9996426
2701,0.0019435585
3489,0.003034532
1077,0.99966216
1396,0.99978685
3611,0.00019350648
9384,0.9601028
7232,0.9992647
3669,0.6097348
263,0.9999958
6291,0.99362814
8973,0.9643996
1041,0.99998397
2411,0.003477931
385,2.2798777e-05
1348,0.99988806
1345,0.07401404
2086,0.9999954
8074,0.9999796
476,3.7312508e-05
4252,0.99992144
6616,0.99997294
9014,0.998924
9843,0.99956936
1744,0.9999496
2183,0.0015289783
3473,0.9992461
3210,0.01425159
9674,0.9999187
9207,0.9999813
4257,0.99998415
2381,0.0006791055
2853,0.99997497
7710,0.99999547
8749,0.99983263
1710,0.9993707
2349,0.0031110346
3344,2.2053719e-05
1964,0.00096303225
2026,0.020201147
6582,0.96936864
1685,0.7308041
8007,0.99999666
835,0.999259
1681,0.00060901046
9341,0.99990433
2419,0.9984249
5423,0.9995374
5442,0.9999343
653,0.9999819
3552,0.050112247
5625,0.99994814
3998,0.0018060207
10286,0.9947249
1138,0.0020824075
810,0.99954724
9115,0.9998259
4832,0.99449885
9387,0.0038774312
10427,0.999537
3528,0.0030404031
1311,0.005908996
9849,0.9999461
2182,0.9900624
420,0.99995327
6161,0.9987068
6450,0.99865925
2767,0.00050640106
3885,0.002637595
5461,0.9999566
7875,0.999848
156,0.9998467
128,0.999972
5976,0.999265
10365,0.9998112
2910,8.159876e-05
6695,0.99992394
8378,0.999967
1818,0.99952376
3599,0.00063318014
293,1.4275312e-05
7670,0.99969876
917,0.98210084
9248,0.99670804
2939,0.9999715
10441,0.99959177
9306,0.99972165
7351,0.9999788
3610,0.999981
2477,0.0077347457
1628,0.0011174679
1006,0.00067034364
2637,0.9963671
691,0.0009650588
3016,0.99970734
4340,0.9999751
4390,0.9999988
2665,0.9999993
6468,0.9989493
266,0.99987364
3678,0.00043320656
1156,0.0010446906
4103,0.99459845
8026,0.9930626
10196,0.9991379
5948,0.99485147
2305,0.00023978949
1487,0.0036014318
5039,0.99735796
1328,9.176135e-05
9629,0.99996716
9559,0.99997675
8226,0.9999927
1291,0.9999951
3127,6.425381e-05
8688,0.9994494
7832,0.9999957
4001,0.99999857
913,0.99975586
1673,0.9161214
3803,0.05544004
10400,0.90465045
1668,7.799268e-05
2178,0.99997914
5563,0.99974716
578,0.99881476
103,0.9828265
6715,0.9999931
2036,0.9999652
2192,0.0030383766
9774,0.9999972
7257,0.97641057
2835,0.99386346
3476,0.16777009
858,7.715821e-05
1842,0.0007005632
1974,0.998525
1780,0.99999756
5951,0.99999064
4205,0.99984694
8605,0.9999896
8464,0.99981356
6493,0.9988763
1497,0.0017365217
2352,0.0011357367
3182,0.073182255
3221,0.99039304
1663,0.9999113
7023,0.9994525
3796,0.99925053
2382,0.99884886
438,0.9992152
5392,0.9990338
4094,0.93033046
2474,8.6694956e-05
6275,0.9998983
9451,0.9898235
4762,0.99994636
290,0.0009776056
3893,0.0005610883
1187,0.0012239218
846,0.0015456975
8728,0.9512678
7469,0.999983
2143,0.9970137
6662,0.9997731
2043,0.9999494
10100,0.9981102
4570,0.9999917
7142,0.9998776
1100,0.00017428398
3942,0.99933934
9398,0.9988439
1604,0.000613749
1186,0.026747942
1995,0.0060325563
6085,0.99987185
8806,0.9995223
9331,0.9959574
3790,0.0001938641
8803,0.99859476
3430,0.0005014837
1423,0.9999998
4818,0.9998854
4204,0.9999938
6035,0.6196289
775,0.99995524
6945,0.9999881
3128,0.9939268
2042,0.99980783
7901,0.99995804
8159,0.9927579
2378,0.008306265
392,0.99998534
7454,0.99996835
9190,0.998397
1667,0.00023272634
3768,0.9780722
7977,0.95510364
1521,0.99997795
4069,0.99948996
10,0.00013136864
5545,0.99999785
2326,0.99846554
10424,0.99834335
7500,0.99998593
3943,0.98063266
7378,0.99998915
5072,0.9994515
5025,0.9999726
7474,0.99992263
9466,0.99991894
5348,0.9999776
7507,0.99464035
630,0.00063711405
213,0.9946836
10428,0.99999714
641,0.99773204
2417,0.99810815
2266,0.9999901
3905,0.98733485
899,1.630187e-05
924,0.9999684
8752,0.99998546
2272,0.9999707
3470,0.0003157258
3023,0.99252594
8954,0.9998518
9311,0.99998415
1806,8.445978e-05
3209,2.7537346e-05
9194,0.9988009
844,0.9994216
776,0.004733801
156,0.0015468001
2816,0.99997246
208,0.00078076124
8582,0.97633386
3864,0.9999088
5807,0.9999883
1156,0.99999356
5658,0.99999046
8682,0.9828758
1244,0.010371238
686,0.9998025
3462,0.023078918
6283,0.999978
3655,0.00021210313
3656,0.0044513643
2362,0.15685904
5069,0.9981476
4626,0.99995494
5062,0.94408596
4286,0.99996537
6331,0.9975958
5414,0.99996454
9653,0.9998795
2522,0.9976849
4168,0.9999968
8047,0.9998702
4232,0.9514719
9627,0.9999325
3251,0.91919076
6837,0.99954915
1843,0.99999106
4142,0.99999475
10283,0.9981549
6792,0.9959049
5454,0.99487984
9096,0.9933837
8703,0.99973035
1884,0.9980548
9863,0.99998295
553,0.99997324
5941,0.46240106
4016,0.999882
1922,0.9996377
634,0.0038291812
7589,0.9999976
2385,0.00067964196
3467,5.9455633e-05
1058,0.99684894
6068,0.9994713
3134,0.9997987
187,0.9999335
2162,0.9999037
3157,0.008905351
1534,0.9996014
6222,0.9999956
3728,0.99820733
5674,0.9999953
74,0.00053727627
4567,0.999998
6546,0.9999873
837,0.1726749
10163,0.9751482
189,0.02557081
2199,0.9979065
2524,0.0020928085
2294,0.00054216385
2470,7.122755e-05
2780,0.0064494014
8764,0.99999356
5060,0.9999406
2240,0.9926179
3156,0.99998707
8889,0.98400986
2834,0.00022479892
2030,0.9990368
7479,0.99965477
8953,0.9997859
9467,0.9949902
1229,0.99999774
3810,0.00045993924
2908,0.9999998
10290,0.9987027
2278,0.99988794
818,0.99938786
2697,0.016264588
226,0.99996865
2995,0.0009024441
796,0.99999857
6896,0.99276775
2755,0.99994254
3239,0.0054029524
74,0.999912
193,0.99671626
1102,0.0005916357
482,0.966843
1346,3.951788e-05
9336,0.999951
3490,0.9999124
8852,0.99994373
5550,0.99790734
6360,0.9998205
6147,0.9987612
7648,0.9889338
2228,0.99980617
5171,0.9933329
2690,0.9997937
7580,0.99999857
10155,0.99970925
1510,0.99992716
252,0.99999833
10197,0.9564985
766,0.009433538
427,0.020476878
7806,0.9996086
774,0.0013233423
10243,0.993067
6071,0.9999144
8291,0.9999844
539,0.9938011
9758,0.9999691
7245,0.99761164
595,0.9992173
6296,0.9999808
4729,0.9992138
3278,8.106232e-05
105,0.9956701
3369,0.014540702
2483,0.052773774
1258,0.00044345856
4877,0.9984587
2878,0.99704945
786,0.0014572442
567,4.976988e-05
9833,0.99900836
2564,0.008990109
1193,0.9736949
1209,0.9999983
10452,0.97724766
8715,0.9997618
5002,0.99975604
2525,0.9979049
1046,0.99985725
9628,0.99987185
2271,0.99985385
3888,0.9999838
2811,0.0068501234
1643,0.99845886
2916,0.013178498
8967,0.98302627
8310,0.99999446
1717,0.9936702
3653,0.9979788
4047,0.9999146
3402,0.0028603673
9792,0.9999959
3300,7.203221e-05
6025,0.9999987
7715,0.9996928
2711,0.9997549
5785,0.9999275
5630,0.99995434
1648,0.9977238
5230,0.98277783
2948,4.0709972e-05
2180,0.004061818
8890,0.9999914
4045,0.9996637
1837,0.03239453
7286,0.99942863
10202,0.9763161
6334,0.99995303
5640,0.99972665
8011,0.9995446
909,0.9999236
4966,0.99969816
8491,0.99984336
4969,0.99996465
5019,0.99950886
2645,0.0052681565
1133,0.0037064552
48,0.0010146499
10190,0.99997175
1085,0.000456959
6589,0.99980736
4227,0.9997912
2114,0.0041797757
3689,0.9997017
7605,0.99999976
4041,0.39007232
4893,0.9958929
2028,0.99984264
1402,0.0023384988
6262,0.9973328
9591,0.999995
2485,0.9999629
9508,0.99986225
1008,0.9997191
2194,0.9996977
2293,0.999991
3380,0.04358527
342,0.99172527
453,0.00042387843
2695,0.013888687
1320,0.0013572276
3135,0.99999785
7639,0.9822022
2876,0.0038655996
2375,0.99999726
10004,0.99985397
1459,0.9982518
8100,0.99988675
3194,0.0031025708
7445,0.99999905
1763,0.00027233362
1289,0.9999
8661,0.99721426
1930,0.0009920895
6471,0.9999983
3292,0.99852586
7845,0.9978646
3148,0.0045283735
1088,0.99999976
9507,0.9991102
915,0.9990032
3587,0.99947697
10142,0.99999976
9416,0.9999964
10175,0.9998025
436,0.005241722
180,0.99990726
9556,0.9999663
3139,0.9999615
2215,0.99994195
9382,0.9365493
9220,0.99999785
854,0.42965075
4123,0.9997765
1506,0.00093767047
2112,0.00020587444
3510,0.7732127
10492,0.9999522
902,0.00060266256
3489,0.9996265
4009,0.0006560683
4012,0.999998
391,0.00039353967
2758,1.1175871e-05
1816,0.9994977
313,2.2739172e-05
158,0.9796653
2592,0.99996424
5631,0.9956841
1253,0.31378055
676,0.7639858
3201,0.98724693
4299,0.9768244
7079,0.9998611
2873,0.052969933
10384,0.99463165
2789,0.99987537
7598,0.99980414
8736,0.9999902
1412,0.9998201
8258,0.9999951
3608,0.3911665
1567,0.00012552738
2356,0.9990804
9095,0.9999995
274,0.9998941
1830,0.9969919
8774,0.9999887
10479,0.99514425
2337,0.00013613701
10436,0.999521
73,0.9999875
546,0.99999475
3808,0.9999994
1451,0.0004927516
100,0.00081801414
1675,0.00040978193
7165,0.99990904
2055,0.013593942
1287,0.99998945
1783,0.99326247
2984,0.99986947
7449,0.99966305
6181,0.9991264
1136,0.9999665
8785,0.96997905
5758,0.99987096
6676,0.95644826
5684,0.98177624
7385,0.9958761
5506,0.99939585
9533,0.87028384
6049,0.9978157
10275,0.9987756
3860,0.9999872
289,0.8951892
7839,0.99997556
1833,0.99764526
199,0.0009975135
2562,0.9999436
3380,0.9989906
9040,0.9999989
7064,0.92913544
9837,0.99999714
1718,0.0029676557
4041,0.99948883
404,0.0009860396
8993,0.9998991
6102,0.9994825
1018,0.006413728
3761,0.98585594
3839,0.00026646256
3890,0.00033518672
4381,0.99850374
4478,0.99978286
1358,0.99997365
6178,0.99987566
3429,0.0017291307
5776,0.8819101
9494,0.99968207
10433,0.99954045
1331,0.99998677
3612,0.99306434
6365,0.9999647
5251,0.99923944
1256,0.9999793
245,0.004876733
9797,0.9999892
1626,0.00087714195
4042,0.00021725893
6043,0.9979323
8400,0.9999905
2148,0.9736891
9877,0.9957316
733,0.9994265
3221,0.0006943047
8260,0.99912745
3698,0.99999416
6905,0.9856413
1198,0.99873304
2338,0.00040739775
9051,0.99222183
1361,0.004003972
9085,0.985749
1899,0.99933445
7296,0.99994206
3881,0.9247203
7345,0.99993086
7128,0.99995756
348,0.99927807
427,0.99982667
2166,0.0002065301
79,0.99999344
235,4.786253e-05
8442,0.99981534
2671,0.4602066
6853,0.9999989
2977,0.9994376
6580,0.9778203
5619,0.88760734
6324,0.9992145
195,0.00030604005
2500,0.99983716
2881,2.6524067e-05
1859,0.9999949
4807,0.9934373
1088,4.2021275e-05
520,0.007180184
3346,0.001190722
2975,0.99837655
5184,0.99971056
8244,0.99996245
9839,0.99993503
1682,0.90204823
7156,0.9992617
4208,0.9983588
9961,0.98819876
8339,0.9118587
2366,0.99983525
9036,0.99980766
1919,0.98792845
1802,0.0005134046
6943,0.99979603
3094,0.9999999
690,0.0016832948
4370,0.9999123
510,0.0058597326
3746,0.002093643
3843,0.00025475025
5160,0.9999919
2709,0.0027891695
2723,0.9098705
4318,0.999915
9225,0.9999453
895,3.6776066e-05
3961,0.99986935
6408,0.9899823
1462,0.9433677
8061,0.9838359
8132,0.9963442
4772,0.99995136
2886,0.9997994
2174,0.999954
3184,0.999901
800,0.9998392
2769,0.011508316
904,0.99999815
454,0.9111582
4228,0.99987125
9408,0.99908984
3053,0.0016610026
9125,0.99986553
1617,0.010741442
2486,0.99989504
3779,0.9999918
6881,0.9998387
3180,0.9998498
2469,3.8444996e-05
2553,0.9999865
9738,0.9996596
812,0.99683905
2640,0.0011257231
6183,0.99774694
4721,0.99997663
3681,0.0023904145
122,0.9995049
2100,0.0011211038
8934,0.99916303
142,0.9955589
701,0.00019934773
638,0.999706
5633,0.9987645
2836,0.020799339
7114,0.9895091
9405,0.99971724
3646,0.99993813
1231,0.999979
5558,0.99645376
4620,0.99996805
6146,0.9996211
7627,0.99281317
4615,0.9873905
3599,0.99922705
3549,0.001506865
4209,0.9807333
2663,0.71764255
60,0.99909586
8415,0.99604595
2698,0.99927676
7797,0.99997556
2446,0.99630386
10222,0.9998278
1742,0.00033938885
6509,0.9995688
1781,0.9999997
9880,0.9999776
2651,0.005879283
3734,0.9994905
9071,0.9999567
1385,0.98779595
5784,0.99999326
2488,0.99999833
8208,0.93313485
8773,0.9216398
8830,0.99993944
3056,0.99884975
2242,0.9983001
464,0.0011127889
6515,0.9999693
3864,0.002510786
8002,0.99994004
2578,0.9999757
1515,0.9999681
3720,0.0009773076
9363,0.9996762
9471,0.99858487
5474,0.99996054
6012,0.999699
1792,0.999591
7113,0.9989802
2855,0.9999692
7350,0.9999971
183,0.9985852
735,0.0063052773
3261,0.00031587481
8796,0.9999124
942,0.0009432137
3244,0.9986827
6884,0.9999402
366,0.9873823
7941,0.9983375
1508,1.9073486e-06
5996,0.9999466
1979,0.9909427
8025,0.9986237
3033,0.12510371
389,0.9998034
1540,0.9964917
8221,0.9918723
2822,0.0042616725
702,0.00089874864
2617,0.00011458993
2129,0.99889433
5799,0.9997226
9031,0.9962934
3918,0.9789627
2420,0.9923568
2367,0.0009157713
